Workbook

Sheet Sheet1
J1: REPORT No.
J2: 22P-063
J3: File No.
J4: 42-60-C-01
J5: Page 1 of 2
A6: DYNAMIC CONE PENETROMETER TEST REPORT
A7: CLIENT: | H7: TEST PIT / BH No. 1
A8: PROJECT: | H8: DEPTH: | I8: 0.0m - 3.0m
A9: LOCATION: | H9: TESTED BY: J.N
A10: MATERIAL DESCRIPTION: INSITU MATERIAL | H10: DATE TESTED : 09-04-22
A11: TEST METHODS: AS1289 6.3.2 | H11: DATE REPORTED: 12-04-22
A13: Test No: 1
A15: Depth | B15: Field Data | C15: e' Value | D15: CBR Value | E15: Soil Bearing
A16: (m) | B16: (Blw/100mm) | C16: mm/blow | E16: Capacity
D17: % | E17: kPa
A18: 0.1 | B18: 4 | C18: =SUM(100/B18) -> 25 | D18: =10^(2.93-(1.44*(LOG(C18)))) -> 8.2597402 | E18: =IF(B18<=30,LOOKUP(B18,Sheet2!A$3:A$32,Sheet2!B$3:B$32),">490") -> 125
A19: 0.2 | B19: 7 | C19: =SUM(100/B19) -> 14.285714 | D19: =10^(2.93-(1.44*(LOG(C19)))) -> 18.490182 | E19: =IF(B19<=30,LOOKUP(B19,Sheet2!A$3:A$32,Sheet2!B$3:B$32),">490") -> 185
A20: 0.3 | B20: 5 | C20: =SUM(100/B20) -> 20 | D20: =10^(2.93-(1.44*(LOG(C20)))) -> 11.389819 | E20: =IF(B20<=30,LOOKUP(B20,Sheet2!A$3:A$32,Sheet2!B$3:B$32),">490") -> 148
A21: 0.4 | B21: 2 | C21: =SUM(100/B21) -> 50 | D21: =10^(2.93-(1.44*(LOG(C21)))) -> 3.0442702 | E21: =IF(B21<=30,LOOKUP(B21,Sheet2!A$3:A$32,Sheet2!B$3:B$32),">490") -> 70
A22: 0.5 | B22: 2 | C22: =SUM(100/B22) -> 50 | D22: =10^(2.93-(1.44*(LOG(C22)))) -> 3.0442702 | E22: =IF(B22<=30,LOOKUP(B22,Sheet2!A$3:A$32,Sheet2!B$3:B$32),">490") -> 70
A23: 0.6 | B23: 2 | C23: =SUM(100/B23) -> 50 | D23: =10^(2.93-(1.44*(LOG(C23)))) -> 3.0442702 | E23: =IF(B23<=30,LOOKUP(B23,Sheet2!A$3:A$32,Sheet2!B$3:B$32),">490") -> 70
A24: 0.7 | B24: 1 | C24: =SUM(100/B24) -> 100 | D24: =10^(2.93-(1.44*(LOG(C24)))) -> 1.1220185 | E24: =IF(B24<=30,LOOKUP(B24,Sheet2!A$3:A$32,Sheet2!B$3:B$32),">490") -> 38
A25: 0.8 | B25: 2 | C25: =SUM(100/B25) -> 50 | D25: =10^(2.93-(1.44*(LOG(C25)))) -> 3.0442702 | E25: =IF(B25<=30,LOOKUP(B25,Sheet2!A$3:A$32,Sheet2!B$3:B$32),">490") -> 70
A26: 0.9 | B26: 1 | C26: =SUM(100/B26) -> 100 | D26: =10^(2.93-(1.44*(LOG(C26)))) -> 1.1220185 | E26: =IF(B26<=30,LOOKUP(B26,Sheet2!A$3:A$32,Sheet2!B$3:B$32),">490") -> 38
A27: 1 | B27: 2 | C27: =SUM(100/B27) -> 50 | D27: =10^(2.93-(1.44*(LOG(C27)))) -> 3.0442702 | E27: =IF(B27<=30,LOOKUP(B27,Sheet2!A$3:A$32,Sheet2!B$3:B$32),">490") -> 70
A28: 1.1 | B28: 1 | C28: =SUM(100/B28) -> 100 | D28: =10^(2.93-(1.44*(LOG(C28)))) -> 1.1220185 | E28: =IF(B28<=30,LOOKUP(B28,Sheet2!A$3:A$32,Sheet2!B$3:B$32),">490") -> 38
A29: 1.2 | B29: 2 | C29: =SUM(100/B29) -> 50 | D29: =10^(2.93-(1.44*(LOG(C29)))) -> 3.0442702 | E29: =IF(B29<=30,LOOKUP(B29,Sheet2!A$3:A$32,Sheet2!B$3:B$32),">490") -> 70
... A47: 3 | B47: 21 | C47: =SUM(100/B47) -> 4.7619048 | D47: =10^(2.93-(1.44*(LOG(C47)))) -> 89.948885 | E47: =IF(B47<=30,LOOKUP(B47,Sheet2!A$3:A$32,Sheet2!B$3:B$32),">490") -> 390
A48: 3.1
A50: Remarks / Sketch | D50: QR / BAR
D51: CODE HERE
A57: Approved Signatory: | F57: Date: 12-04-2022
I58: Revised Report : 12-04-2022 lhb
A59: Authorised by: AS(MS)T | I59: Form No. STR-4

Sheet Sheet2
A1: NO. OF BLOWS | B1: ALLOWABLE LOAD
B2: (kPa)
A3: 1 | B3: 38
A4: 2 | B4: 70
A5: 3 | B5: 100
A6: 4 | B6: 125
A7: 5 | B7: 148
A8: 6 | B8: 170
A9: 7 | B9: 185
A10: 8 | B10: 200
A11: 9 | B11: 225
A12: 10 | B12: 240
A13: 11 | B13: 250
A14: 12 | B14: 275
... A32: 30 | B32: 490

Sheet Sheet3
